title,description,url,difficulty
"IL Y A QUOI DERRI√àRE LA PORTE ? (ft Eric & Ramzy, Mister V)",Merci √† Chupa Chups davoir sponsoris√© la vid√©o d√©couvrez tous leurs produits ici  collaboration commercialePour votre sant√© pratiquez une activit√© physique r√©guli√®reR√©alis√© par Th√©odore BonnetUn jeu cr√©√© par Squeezie  Th√©odore Bonnet√âcrit parSqueezieTh√©odore BonnetTh√©o Meunier Avec  SqueezieMister VEric JudorRamzy BediaAvec la participation de Patrick S√©bastien  Elise Lucet1√®re Assistant r√©alisateur  Olbek MartelChef Op√©rateur vid√©o  Olivier WeinheimerCadreurs  Th√©o Meunier  Augustin Tarrou  Lucas Stoll  Jo,https://www.youtube.com/watch?v=p9sfxpgRATM,C1
Les 20 gagnants s‚Äôaffrontent pour r√©cup√©rer leurs BOLIDES !,Qui sont les fameux 20 chanceux  Je nallais pas leurs laisser les bolides comme √ßa Merci √† tous pour vos participation merci de rester respectueux vis √† vis des gagnants les potes Restez connecter vous allez pas √™tre d√©√ßu Stickers teeshirt pull boiserie    avoir des exclus cest ici  INSTA  thierryvigneauboiserie 13M SNAP  luluvng 1m FACEBOOK  thierryvigneauboiserie 1M TIKTOK  thierryvigneauboiserie 800k Mail pro  contactlaboiseriegmailcom,https://www.youtube.com/watch?v=pTf1ew12VA4,C1
VOMIS OU DIS LA V√âRIT√â avec JULIEN GELOEN (on r√®gle nos comptes.),Merci Ultra Premium Direct une marque fran√ßaise et responsable que je ne l√¢cherai jamaisLa meilleure alimentation pour chiens et chats Code DARKOLOVE pour 20 sur TOUT le site pour les nouveaux clients uniquement  1 gourde en √©dition limit√©e respectueuse de lenvironnement offerte dans la limite des stocks disponibles 2 amis qui discutent de la vie merci JujuSon instagram   Instagram   Kaneda prod qui maccompagne main dans la main one love foreverProduction  Kaneda  DarkoProducteur  Pierre Lorenzo peace of mi,https://www.youtube.com/watch?v=bIMvvwm9fHM,B2
Le Jeu de la Miniature (feat Pierre Croce),Merci √† Pierre Croce davoir jou√© le jeuSa cha√Æne YouTube    en commentaire qui vous aimeriez voir dans le jeu de la miniatureSuis moi sur internet pour plus de rigolade Insta     toi √† ma chaine YT  ex√©cutive  MG ProdResponsable technique  Joffrey RousseauCadrage   Max RouzierMontage  Sal√®me Mehari et Ma√Ølys GouiderCharg√© de conception  Paul HernandezDirectrice de production  Clo√© PedrazziniAssistante de production  Jordie BoillereauGraphisme  Lucas Blettner,https://www.youtube.com/watch?v=cExOhJtDb-E,C1
Drake VS Kendrick Lamar Part. 2 - Qui a Gagn√© !? Analyse de l'affrontement.,Merci √† HOLY de sponsoriser cette vid√©o  D√©couvre les boissons √©nergisantes saines et des Ice tea sans sucres aux go√ªts et ar√¥mes naturels Profite de mon code r√©duction HyconiqMag5 et obtiens 5 de r√©duction sur ta commande     NEWSLETTER MASTERCLASS  CULTURE  ENTREPRENEURIAT  LIFESTYLEInscristoi d√®s maintenant et rejoins la communaut√© priv√©e dHyconiq   DISCORD HYCONIQ   INSTAGRAM HYCONIQ                      CHRIS   TIKTOK CHRISHYCONIQ    TWITTER CHRIS     PRODUCTION Montage  IG     mfaoff   Trackworks suiv,https://www.youtube.com/watch?v=ZVHJOTGsgtQ,C1
R√©sum√© : GAME 7 COMPL√àTEMENT FOU entre les Nuggets et les Wolves,  PLUS DINFORMATIONS DANS LA DESCRIPTION Men√©s de 20pts les Wolves RENVERSENT les Nuggets et se qualifient pour la Finale de Conf√©rence 20 ans apr√®s  Seulement 37pts marqu√©s en 2eme MT pour des champions en titre musel√©s par la d√©fense de Minnesota Les Timberwolves prennent rdv avec les Mavs pour la finale de conf Le Podcast NBA Extra    R√©sum√©s actions articles vid√©os    Retrouveznous sur les r√©seaux sociaux  Facebook   Twitter   Instagram  ,https://www.youtube.com/watch?v=PW0I6bZo0JM,B2
SEMIS DES MA√èS : NOUVEAU MAT√âRIEL ARRIV√â ( il est made in BZH ),Salut √† tous les amis bienvenu dans cette nouvelle vid√©o  jesp√®re que √ßa va vous plaire dit moi en commentaire  Noubliez pas de jeter un oeil √† la boutique pour maider √† financer mes voyages aux 4 coins du monde   SponsorShip  hlgmachineryyahoofr  hugohlgmachinerygmailcom Contacter la boutique  contacthlgmachineryfr,https://www.youtube.com/watch?v=sfa4Pi6UnKo,B1
J'anime une colonie de vacances de s√©niors,Merci infiniment √† Columbia de nous suivre une fois de plus sur une aventure g√©niale commme celleci Profitez de 10 sur tout le site jusquau 25 mai inclus avec le code DJILSI applicable pour tout le site hors offre membres   √©videmment aussi infiniment √† Pascal Chantal Marina Dominique Georges et Mohamed davoir accept√© le projet davoir si bien jou√© le jeu et d√™tre si g√©niaux Peut√™tre les reverraton dans une prochaine colo rejoinsmoi  instagram   twitch   twitter   tiktok  djilsiMon r√©alisateur  monteur de gr,https://www.youtube.com/watch?v=WOwgEajEu80,C1
"Tout Ce Que Tu Touche Avec Le Ballon, Tu Le Gagne !",Aujourdhui je vous offre 20 000 de cadeaux Abonnez vous √† ma cha√Æne toinelaggaming et √† la cha√Æne de bileloff Et pour plus de vid√©o abonnez vous √† ma nouvelle cha√Æne toinelagplus  Mon Twitter   Mon Instagram   Mon TikTok   Pour me contacter  toinelagdrizztagencyfrPour participer aux prochaines vid√©os voici mon serveur Discord  ,https://www.youtube.com/watch?v=NR3kOcBC3mE,A2
ON SURVIT 24H DANS LA JUNGLE ! (uniquement avec des objets wish),On survit 24h dans la jungle avec Yvan  Collaboration commerciale Jouez √† WOT et WOWS et b√©n√©ficiez de bonus √©normes en jeu   worldoftanks worldofwarships ddayMa boutique SPACEFOXshop    MOI ICI CEST BIEN AUSSI   INSTAGRAM   TIKTOK   TWITTER    TWITCH AMIXEM    SNAPCHAT  amixemsnapResponsable de production  Sol√®ne ChupinCharg√© de production  Thibaut TrotinAssistants de production  Simon Amstuz Sidonie TrentesauxResponsable de postproduction  Lucie PineauChef op√©rateur  Th√©o SauvionCadrage  Florent BodenezCh,https://www.youtube.com/watch?v=KCsg-HaUhQY,C1
Comment avoir un chiot √©panoui ? (feat. @LeBouseuh),Romain aka LeBouseuh nous pr√©sente Uly son chiot Bully Tony est all√© lui donner quelques tips pour √©duquer son chiot et surtout kiffer au max avec lui Merci Romain  La seule m√©thode d√©ducation au monde tourn√©e avec un chiot  Si vous aussi vous rencontrez des probl√®mes d√©ducation avec votre chien d√©couvrez notre formation en ligne Esprit Dog Family  Formation sp√©ciale chien agressif Formation professionnelle th√©orique d√©ducateur canin Formation pr√©vention morsure en ligne Formation 1er secours pour chien en ,https://www.youtube.com/watch?v=G-4nTT0zyc0,B2
VLOGTRIP 1 : On d√©couvre la r√©union avec Elsa üá∑üá™,Premier voyage en t√™te √† t√™te avec Elsa je crois que jai rarement autant rigol√© Jesp√®re que vous allez rire avec nous et que vous d√©couvrirez un peu de cette magnifique √Æle quest la R√©union  Mes r√©seaux  Instagram     alizeebois23gmailcom,https://www.youtube.com/watch?v=1pGkg05KMpY,B1
Crash de l'h√©licopt√®re du pr√©sident iranien,Un h√©licopt√®re a eu un accident au sein dun convoi de trois appareils transportant le pr√©sident iranien Des recherches sont en cours pour retrouver lappareil pr√®s de la zone du crash,https://www.youtube.com/watch?v=_TTW41WDBpU,B1
R√©sum√© OL - Strasbourg | J34 Ligue 1 Uber Eats | Olympique Lyonnais,Abonnezvous √† la cha√Æne de lOlympique Lyonnais   Subscribe to the Olympique Lyonnais channel ,https://www.youtube.com/watch?v=3LpISPs6_68,B2
Le pr√©sident iranien retrouv√© mort apr√®s un accident d'h√©licopt√®re | euronews üá´üá∑,World euronews newsApr√®s douze heures de recherche les m√©dias dEtat iraniens ont annonc√© ce lundi matin la mort du pr√©sident Ebrahim Ra√Øssi et de son ministre des Affaires √©trang√®res Hossein Amirabdollahian apr√®s un crash dh√©licopt√®reLIRE LARTICLE   Suivez toute lactualit√© sur    Abonnezvous √† notre cha√Æne     Suiveznous sur les r√©seaux sociaux Facebook   ,https://www.youtube.com/watch?v=BalppErATB0,C1
"LA BO√éTE √Ä MYTHO (ft. Joyca, Seb & Maskey)",Qui sera le meilleur menteur   Razer toffre 5 avec le code GOTAGA   Passe ta commande Lenovo avec le code GOTAGA   Scuf toffre 5 avec le code GOTAGA   Nouvelle collection disponible   Quersus toffre 5 avec le code GOTAGA       √âquipe de production  GCORPChef OPV  Florent SabatierAssistant cam√©ra  WarpChef OPS  WarpR√©gie vid√©o  WarpPostProduction  Chef monteur  Lucas BMonteur assistant  Evan LDirection Artistique  Aim√©Motion Design  LukaEtalonnage  Kame House ColorgradingMixage  WarpGCORP  2024 Site Web   Bo,https://www.youtube.com/watch?v=lkMsn1Fwj1M,C1
"R√©sum√© : GULER EN FEU, 8 buts, quadrupl√©‚Ä¶ Un match g√©n√©rationnel entre le Real Madrid et Villarreal", R√âSUM√â VID√âO  LaLiga Le Real Madrid et Villarreal dos √† dos dans un thriller compl√®tement fou  8 buts quadrupl√© de S√∏rloth doubl√© de G√ºler  LE match de la saison  R√©sum√©s buts articles vid√©os    Retrouveznous sur les r√©seaux sociaux  Nos podcasts   Facebook   X   Instagram   TikTok  ,https://www.youtube.com/watch?v=avC_gU4dLro,C1
Le r√©sum√© du Grand Prix d'Emilie-Romagne - F1, Encore plus de Formule 1 sur myCANAL   Abonnezvous pour suivre toute lactu sport de CANAL  CANALF1 sur les r√©seaux  Facebook   Twitter   Instagram  ¬† TikTok   Twitch   Formule1 Formula1,https://www.youtube.com/watch?v=VBliAw4kLQ4,B2
SCH - Cannelloni,SCH  Cannelloni Nouveau single disponible partout ¬† de  JVLIVS Prequel  Giulio  nouvel album le 31 mai Disponible en pr√©commande   par BBPR√©alis√© par  ZavenProduit par  Digital Nak,https://www.youtube.com/watch?v=-Lw7QnciDPk,C1
Crash Team Racing - R√©tro D√©couverte,Vid√©o sponsoris√©e par NordVPN  Profitez dune offre exceptionnelle sur les abonnements de 2 ans √† NordVPN et obtenez 4 mois gratuits en suivant le lien   dans R√©tro D√©couverte on retrouve Sabrina et Nestor pour partager avec eux une partie de Crash Team Racing Ma chaine Twitch  retrouver les musiques de Cartridge1987  MO5   chaine Twitch de Charlotte  chaine Twitch de Alex  de Nestor  de Samantha  Discord  ,https://www.youtube.com/watch?v=jiJVLE_CSYk,C1
Pierre Garnier - Nous on sait (Audio officiel), Nous on sait  nouveau single disponible   album Chaque seconde disponible le 7 juin d√©j√† en pr√©commande   PIERRE GARNIER sur Youtube   pierregarniervevocf1gi  Instagram  pierregarniermusiqueTiktok  pierregarniermusique Titre √©crit et compos√© par Pierre Garnier DAYSY Joseph Kamel et MARSOArrang√© par MARSO √âditions  Duchess Publishing  Sony Music Publishing  Faubourg 26   Freedonia Entertainment France  Warner Chappell Music France MARSO  Guitares piano basse programmation rythmique synth√© et choeursDAYSY  C,https://www.youtube.com/watch?v=FGm-L6oTdkg,C1
Je go√ªte le Burger delamama de Mister V chez KFC !,Adresse du premier shop Burgouzz  135 Rue Oberkampf 75011 ParisMister V et KFC on taff sur une collab avec la marque de Pizza Delamama Je file en voiture go√ªter √ßa et vous donner mon avis sur les diff√©rents Burgers delamamaMontage  animation Tidiane FallMusique principale¬†Tidiane¬†FallRetrouvez moi sur les r√©seaux  Instagram   Twitch   Twitter     valouzzcontactgmailcom,https://www.youtube.com/watch?v=sPGX9KvmetQ,B2
JKSN - Drogba (Clip Officiel),√âcoute Drogba sur toutes les plateformes de streaming    Artiste  JKSN Titre  DrogbaProd  Jude ScottR√©alisation  Kamerameha DOP  Pablo Ruiz Chef D√©co  SunsetDesign Dir de prod  Aur√©lie Vincent et Sha√Øma Ja√ØelCharg√© de prod  Nassim Cherif Ass prod  Noah HiersoAss prod  Lucie Crg 1er assistant cam√©ra  Lucas Trillat 2nd assistant cam√©ra  Yann Lenoir Steadicam  Marc Antoine Roze Chef Elec  Pierre Fittante Accessoires  Art Street √âquipement Photographe plateau  Noah Hierso Stylisme  Hyro Paris Catering  Umpheki ,https://www.youtube.com/watch?v=Q7yppe2b6II,C1
Gaulois - Sens Interdit feat. Ninho (Clip Officiel),D√©couvrez le clip de mon titre  Sens Interdit  en featuring avec Ninho   Abonnetoi √† la chaine de Monsieur Gaulois et surtout active la  la suite arrive vite   by  3MBEATZLyrics by  GAULOISR√©al  Lacremefilm Pour suivre Gaulois  Instagram     RapFran√ßais,https://www.youtube.com/watch?v=3LHoyFZdh_c,C1
RK - TACHE DE SANG (Clip Officiel),RK  TACHE DE SANG Clip OfficielNouvel album DLPDA le 31 mai avec SDM Rsko  Kouz1 Disponible en pr√©commande   DE SANG disponible partout   MitchR√©alisation  Cherif Nocolor Charg√©e de production Nocolor  M√©lissa Fid√®le Directrice de prod  Orlane Phibel DOP  David MoermanAss Cam  Jules gaburroChef Elec  Tristan Charles Stylisme  PhessienElec  Jean Yves Steadicam  Gr√©goire MazureckR√©gisseurs ¬†Ivann¬†et¬†Mouad ABONNETOI √Ä LA CHAINE    Pour suivre RK sur les r√©seaux  Instagram   Facebook   Twitter   Snapchat   TACH,https://www.youtube.com/watch?v=0a1juREe4YQ,C1
Slimane - Mon Amour (LIVE) Eurovision France | Finale 11 mai 2024,Toutes les infos  vid√©os sur  √† la chaine officielle Eurovision France   Mon Amour LIVE  Finale 11 mai 2024  Eurovision France,https://www.youtube.com/watch?v=2_wez2egxYw,B2
On mange Vegan pour la premi√®re fois et le verdict est imm√©diat,Vous lavez demand√© il est l√† l√©pisode de d√©gustations VEGANLe burger et le croquemonsieur nous ont transcend√©s La sauce cest la vie On veut rien savoirMerci √† Chayma et Rapha√´l du restaurant Aujourdhui demain  technique  Morgan SanchezOPS  Martin BonamiMaquillage  Karmen SeferMontage  Florian HautekietMiniature  Oncle SidProductrice ex√©cutive  Clara Lesage Directrice de production  Blanche MartinAssistante de production s√©nior  L√©na WeissStagiaire de production  Margaux Garcia et Lucie MountainAdministratri,https://www.youtube.com/watch?v=8laft1o2_-8,C1
Hornet La Frappe - Malaga ft. Dwen & La Plaie (Clip Officiel),¬†Malaga¬† feat DwenOfficiel  laplaie32b    par Tbeats R√©alis√© par Hustler Game  Retrouve moi sur Instagram          ,https://www.youtube.com/watch?v=TntUMwDROCg,C1
C√©dric Doumb√© exp√©die Willis par TKO en 3 minutes : direction Anthony Pettis,Lors de son grand retour apr√®s la d√©faite √©trange contre Baki C√©dric Doumb√© voulait remettre les pendules √† lheure et cest ce quil a fait sans trop de difficult√© contre Jaleel Willis  d√©sormais place √† lancien Champion UFC Anthony Pettis   d√©roulez la description   Pour pariez sur le MMA et lUFC √ßa se passe chez Betclic 100 euros avec le code SUEUR   DAZN √† 50 sur 3 mois pour la Team La Sueur  MYPROTEIN 30 minimum avec le code LASUEUR   Holy 5 euros sur votre premi√®re commande avec le code LaSueur5 10 sur l,https://www.youtube.com/watch?v=w9QTsqbo5Vw,B2
Comment Dragon Ball Super a ruin√© la fin de Dragon Ball,Vid√©o sponsoris√©e par Deblock  lapp et obtenez 20 √† la cr√©ation de votre compte Apr√®s le premier versement dargent  crypto dessusMon MANGA ARENA TOME 1                                         TOME 2                                         TOME 3   de jeu Quizz Manga                                                    LIVRE MANGASTORY   cha√Æne   sur twitch   nous sur Twitter      pro  menumangagmailcomMusique G√©n√©rique  ,https://www.youtube.com/watch?v=3TF3NNnLED0,C1
Dacia LOGAN : Pourquoi d√©penser plus ?,Merci √† lautodrome UTAC Linas Monthl√©ry pour le pr√™t de leur circuit routier et en particulier √† Nourh√®ne Louizi pour son temps  sa patience en r√©alit√©  et sa gentillessePour r√©server votre place au centenaire   √† Arthur et Joseph de la Fabrique Auto pour leur aide sur ce tournage Instagram     Anaelle Le MagorouImage  Lucas MartinSon  Alan PoirierDrone  Vladimir KadirMontage  Lucas Aubert et Lukasz SledziewskiVignette  Quentin LegacVous pouvez vous abonner en cliquant sur  Sabonner  et commenter en mettant,https://www.youtube.com/watch?v=Y3m9hOTEBQk,C1
seul et abandonn√© sur une ile d√©serte dans les simsüå¥ ‚ÅΩ·∂† ≥·µí·µê ·µñ·µÉ·µò·µõ ≥·µâ ·µó·µí  ≥·∂¶·∂ú ∞·µâ‚Åæ,Merci au tchat qui a subi cette aventure o√π j√©tais nu pendant 90 pourcents du tempsmonteur  Ephraem    Marie √âcarlat  RIGOLERTWITCH         LA CHA√éNE SUR TIPEEE   ,https://www.youtube.com/watch?v=QuV_gzNtV-s,C2
Les 20 PIRES ERREURS des FILMS HARRY POTTER,Si vous aimez le contenu 100 Harry Potter abonnez vous √† la cha√Æne Pensez aussi √† liker √† donner votre avis en commentaires ou √† rejoindre la communaut√© sur les r√©seaux sociauxPour encore plus de contenu rendezvous sur la cha√Æne secondaire       Accomplis HarryPotter Potterhead,https://www.youtube.com/watch?v=B3lnr_VuO1U,B2
Le purin (d'ortie)... C'est NUL !  Arr√™tez d'en faire !,On a tous d√©j√† entendu parler des nombreux bienfaits du purin dortie et pourtant cette pr√©paration na pas que des qualit√©s Fabrication usages risques et solution alternatives on fait un tour complet de ce produit soidisant miracle Adh√©rez √† cette cha√Æne pour obtenir des avantages  le site jardin d√©merveille   un tas de documents sur mon site  des plantes sur place ou en ligne  mon livre   rejoindre sur Discord   Pour suivre mes formations   me suivre sur mes autres r√©seaux  Instagram    ¬† 000  Intro031  Enc,https://www.youtube.com/watch?v=oEaZnaW9gZk,C1
Allan - C'EST VRAI OU PAS (Lyrics video),Allan  CEST VRAI OU PAS Lyrics videoDisponible sur toutes les plateformes   √† la cha√Æne   Allan sur  Instagram   Tok     2024 JoCo  Kalice Records Allan CestVraiOuPas Lyrics,https://www.youtube.com/watch?v=Yl5Wk0sUpOI,C1
TheGreatReview vs MisterMV vs Alderiate vs Julgane - Red Bull Challengers GeoGamers #4,GeoGuessr en mode jeu vid√©o On te pr√©sente Red Bull Challengers GeoGamers Pour son troisi√®me passage dans le cube  d√©fend son titre face √†   et   R√©ussiratil √† repartir avec le titre une nouvelle fois Restez biiieeeeen jusqu√† la fin  ABONNETOI  TOUS LES CHALLENGERS   NOS INVIT√âS TheGreatReview   MisterMV   Julgane   Alderiate   RED BULL FORCE  FOCUS RED BULL BACKSTORY  CRAFTEST Plus sur Red Bull CR√âDITSR√©alisation  Crossfade Ink  Musique  InUchronia  Tournage  GozultingBient√¥t plus beaucoup plus ,https://www.youtube.com/watch?v=20ao5Y2Dwng,C2
J‚ÄôENREGISTRE UN SON AVEC KOBA LaD ET SNO EN STUDIO ? (Ils r√©v√®lent leurs secrets)#PDSOUT5,Yo LBF le son disponible partout LBF  la Bonne Famille  Dans cette vid√©o vous allez √™tre en immersion avec SNO Koba LaD et moi en studio  Jesp√®re que vous allez passer un bon moment Croyezen vous avant de croire en vos r√™ves et ensemble on r√©ussira Vous devenez ce √† quoi vous pensez le plus souventIl√©bon Retrouvezmoi sur mes r√©seaux sociaux INSTAGRAM  ibepdsTWITTER  ibepdsTIKTOK  ibepdsSNAPCHAT  ibepdsMontage  Wacim El Boujarfaoui  Design  DigitalaptypMiniature  crazylewis01Koba Koba La Dseven binksWejdene¬†,https://www.youtube.com/watch?v=JnzeW5qE4EA,C2
GIRO 2024 - La victoire sensationnelle de Julian Alaphilippe : le r√©sum√© de la 12e √©tape,Une victoire m√©morable en trois temps  Julian Alaphilippe Soudal QuickStep a embarqu√© Mirco Maestri Polti Kometa dans sa folle aventure √† 126 km du but jeudi lors de la 12e √©tape du Giro Il sest ensuite bien entendu avec lItalien avant de senvoler √† 113 km de la fin du parcours de 173 km √† FanoAbonnezvous √† notre cha√Æne   les meilleurs √©v√®nements sur Eurosport Player   notre appli pour iPhone   notre appli pour Android   lactualit√© du sport  ,https://www.youtube.com/watch?v=1r4cprMULjk,C1
FIASCO : LE B√äTISIER (et il y en a des fous rires !),D√©couvrez les coulisses hilarantes de la s√©rie FIASCO avec ce b√™tisier exclusif Le casting nous fait d√©couvrir leurs prises  rat√©es  qui terminent toutes en fous rires Entre gaffes et moments inoubliables ils tentent de garder leur s√©rieux mais cest un FIASCO  La s√©rie FIASCO avec Pierre Niney Fran√ßois Civil Igor Gotesman Leslie Medina G√©raldine Nakache Pascal Demolon Louise Coldefy et Juliette Gasquet cest dispoRegarder sur Netflix  Abonnezvous √† la cha√Æne YouTube de Netflix France   SUIVEZNOUS SU,https://www.youtube.com/watch?v=8QIi8Ipc0wo,B2
"DEVINE LA SUITE ft (MarineLB, Juju, Chlo√´)",Toujours un plaisir de faire des vid√©os avec la team ehehMon Instagram    Kaneda prod qui maccompagne main dans la main one love foreverProduction  Kaneda  DarkoProducteur  Pierre Lorenzo Zeus hasbeenDirecteur de production  Hector Corrons la force tranquillouAssistants de prod  Lucas Brossard Ilona Morillon loveChef op√©rateur  Cl√©ment Lul√© le yang du yingAssistant Cam√©ra  Alexandre Berquin le ying du yangMontage  Nicolas LambertMixage  Thomas CivadeStudio  MVSfranceDirecteur de la photographie  Florian Bid,https://www.youtube.com/watch?v=8G8kcp9bIX4,C1
JE L'ADOPTE ?,Mon code NATOOTOO offre 20 sur tout le site pour les nouveaux clients Ultrapremiumdirect   1 gourde en √©dition offerte dans la limite des stocks disponibles  en collaboration commerciale avec Ultra Premium Direct Vous pouvez me retrouver ici Instagram    natoo    se retrouve chez Mousse  Cest mon coffee shopsalon de coiffure au 37 rue des Archives √† Paris  Sabonner √† ma cha√Æne youtube tu es arriv√©e jusquici commente  Bienvenue Gigi    elle va √™tre trop contente mais si elle ne sait pas encore lire,https://www.youtube.com/watch?v=mGWMCKAeQhU,B2
VEN1 - BOUGIE,R√©alisation  AlleyezonitDA  ImgwrRec  mix  Rilcy MusicLabel  NouvoMonde Miniature  MouataleplugInsta      ,https://www.youtube.com/watch?v=EgfNeQm_z6k,C2
Heuss L'Enfoir√© - La Vie de Roni (Nouvel Album le 14 Juin ft. Ronaldinho),Heuss LEnfoir√©  La Vie de Roni Nouvel Album le 14 Juin ft RonaldinhoPr√©commande disponible   par William ThomasHeuss LEnfoir√© Facebook        ,https://www.youtube.com/watch?v=soDcyb8eIBM,C2
Je suis papa,Une nouvelle √©tape dans ma vie je suis d√©sormais papa et je voulais vous lannoncer   Cha√Æne secondaire    Instagram   TikTok    Twitch   Discord    Montage  Rapha√´lHProd  MarineC cest vraiment dr√¥le √ßa Miniature  HugoP,https://www.youtube.com/watch?v=qL60v1I5D1Y,B2
Des nouvelles de ma petite maison en¬†ruine !,Que vaisje faire de cette ruine du ch√¢teau Petite vid√©o d√©tente o√π on va aborder plein de sujet dont le cercle la maison de Youtube etc Pour rejoindre le projet LE CERCLE devenu 100 gratuit   concours est termin√© mais reste connecter pour voir le r√©sultat Pour rejoindre 100Hebdo gratuit   chaine principal  thierryvigneauboiserie Abonne toi pour suivre mon contenu0000 Ma petite maison en ruine0552 Nouveaut√© du cercle1352 On a eu le permis de r√©novation2000 Laffaire Hugo pro2538 D√©couverte de lieux secret 275,https://www.youtube.com/watch?v=prJ8IwzTdHQ,C1
Experimentboy : la justice lui donne tort !,Experimentboy a √©t√© accus√© de d√©tournement de mineurs Il avait demand√© la suppression dun articleenqu√™te de Num√©rama portant sur cette affaire mais la justice vient de lui donner tort POUR EN SAVOIR PLUS APPUYEZ SUR AFFICHER PLUS Allo 119 pour signaler un enfant en danger   meeting daviation ancienne de la Fert√© Alais   Obtenez une importante r√©duction pour la journ√©e du samedi √† la Fert√© Alais   pour celle de dimanche   aux donatrices et donateurs qui ont rendu cette vid√©o possible la liste est en fin de d,https://www.youtube.com/watch?v=-MBHzqTB0ZE,C1
Les 25 Bleus pour l'Euro 2024 !,D√©couvrez la liste des 25 joueurs retenus par Didier Deschamps pour disputer la phase finale de lEuro 2024 en Allemagne 14 juin14 juillet FFF        DE FRANCE   Facebook           Instagram    Coupe de France   Facebook    Twitter    CHAMPIONNAT NATIONAL   Facebook    CNF CLAIREFONTAINE    Facebook       F√©d√©ration Fran√ßaise de Football FFF est une association loi de 1901 qui a pour mission dorganiser la pratique du football sous toutes ses formes d√©tablir les r√®gles techniques de d√©livrer les titres et g√©r,https://www.youtube.com/watch?v=IxiMwIahqfs,C1
Ce que les MAGICIENS ne veulent pas que tu saches ü™Ñ,Merci √† CyberGhost VPN de sponsoriser la vid√©o   Profitez de leurs offres en cliquant ici   Les meilleurs tours de David Copperfield  L√† il se fait d√©couper en deux par une scie circulaire et il est m√™me pas cach√© dans une bo√Æte  Doit y avoir un jeu de miroir de fou ou du montage vid√©o  Nan il est juste accroupi Il est connu ce tour  En gros quand il sinstalle dans la partie gauche il replie ses jambes pendant que dans la partie droite un contorsionniste sors les siennes  Cest pour √ßa quil est cach√© quand i,https://www.youtube.com/watch?v=E3SaJhmyh78,B1
On mange et juge toutes les sp√©cialit√©s asiatiques de ma maman (que des chefs-d'≈ìuvre),Merci MyHeritage de maccompagner dans cette vid√©o Profitez dun essai gratuit de 14 jours ainsi que de toutes les incroyables fonctionnalit√©s offertes par MyHeritage sur mon lien  Aujourdhui cest une vid√©o un peu particuli√®re car je souhaite rendre hommage √† la cuisine vietnamienne de ma maman  Elle est venu faire ses meilleures recettes pendant une journ√©e Mes amis vont venir les go√ªter et les juger avec bienveillance Merci maman pour ces magnifiques plats  Mes invit√©s gourmands du jour Ana Godefroy  Quon r,https://www.youtube.com/watch?v=9EoSdhG0fDY,B1
ENCEINTE PENDANT UNE JOURN√âE ! (C‚Äôest une catastrophe),collaboration commerciale Merci √† Wild davoir sponsoris√© cette vid√©o Le lien pour wild    20 sur tous les produits pendant 48h avec le code GRAZIANOVous pouvez me retrouver sur  Ma cha√Æne secondaire    UneGentilleSorciere Mon Instagram  ,https://www.youtube.com/watch?v=3LxKMTA7TA4,B2
"LE FL√âAU, √ßa a vraiment exist√© ? Histo ou Disco",Faites d√©coller votre niveau danglais avec Cambly  50 de r√©duction sur votre abonnement 12 mois jusquau 31 mai en cliquant ici   au Docteur PierreAlexandre Chaize pour ses pr√©cieuses lumi√®res et Nath Dos Reis pour les informations in√©dites sur le sujet Vous pouvez retrouver le premier sur twitter ici   Nath sur sa cha√Æne Explorateur de lHistoire NathExplorateurDelHistoire Si vous voulez soutenir la cha√Æne et participer √† laventure de sa production la page KissKissBankBank est juste l√†   davance Si cette vid,https://www.youtube.com/watch?v=P7aC6PyndIc,C1
Je termine la construction de ma premi√®re cabane en A,Pour reserver ta nuit  INSTRAGRAMGreg  Pull et tshirt MON MAT√âRIEL   Mon profil SPOTIFY pour retrouver toutes mes playlists ,https://www.youtube.com/watch?v=FRNkQcEDmr8,C1
Zaho de Sagazan reprend Modern Love pour Greta Gerwig - Festival de Cannes 2024,Retrouvez la c√©r√©monie douverture du 77 festival de Cannes sur francetv   surprise √† Greta Gerwig Zaho de Sagazan reprend Modern Love de David Bowie la chanson phare de son film Frances HaRetrouveznous aussi sur   Francetv    Facebook    Instagram    Twitter    Tiktok   festivaldecannes zahodesagazan,https://www.youtube.com/watch?v=FmhHZpOpAAc,B2
JE SORS MON BURGER CHEZ KFC !,Nous y voil√† je sors mon TOUT PREMIER BURGER en exclusivit√© chez KFC Le Burger Delamama une collaboration unique entre lembl√©matique Colonel Sanders et K√©vino DelamamaUne recette unique qui r√©unit lItalie du sud au Kentucky du centre avec sa propre sauce Delamama originale elle est incroyable Disponible en 3 versions  originale bacon et veggie Je vous laisse aller le tester en restaurant ou en le commandant BisousR√©alis√© par Mister V√âcrit par Mister V Production  HeyPeloManagement  Alexandra MonauryProducti,https://www.youtube.com/watch?v=rBz04cj8rT4,C1
Rim'K - Demain (Clip officiel),√âcoute le doublesingle DEMAIN  TRAP HOUSE ft Alpha WannDisponible streaming ici   merch disponible sur   √©galement le clip de TRAP HOUSE ici   par Bumble IssB  Thxnk Film√© par Kamel Gondry  Max 13StudioMontage  Alex HazeDrone  Zaur GilmanovRefrainY a largent qui va et vientOn br√ªle tout on verra bien demainJe viens des quartiers pauvresJe ne crains pas grandchoseY a largent qui va et vientQuand y en a pour un y en a pour plein Plein plein plein pleinJe viens des quartiers pauvresJe ne crains pas grandchoseC,https://www.youtube.com/watch?v=YuVcFyf8viE,C1
Voil√† pourquoi je D√âTESTE cette √©preuve ü´®,Plus jamais un 10 km  jusquau prochain  √ßa a √©t√© ma premi√®re r√©action et vous comprendrez pourquoi en regardant cette vid√©oCe 10 km c√©tait un objectif secondaire que jai couru sans pr√©pa sp√©cifique A√Øe a√Øe a√Øe quil ma fait mal mais cest une √©preuve tellement utile √† la progression Alors RP ou pas RP Merci √† IRUN pour le soutien de la s√©rie Imparfait et de nous permettre de faire ce genre de vid√©o  RDV ici si vous avez des achats √† faire √ßa ne vous coute rien mais √ßa aide    merci Lille pour cette ambiance d,https://www.youtube.com/watch?v=rIXYGUwuLos,B1
Danse avec des Stars - Le Monde √† L'Envers,Merci √† Odoo davoir sponsoris√© cette vid√©o Pour cr√©er votre site gratuitement cliquez ici   site dAlexia     INSTAGRAM VAL   INSTAGRAM JEN   FACEBOOK   TWITTER     Valentin Jean  Jenny Letellier  Lucas Pastor  Timoth√©e Hochet  Shera√âcriture  Lucas Pastor  Jenny LetellierChef Op√©rateur  Xavier Cordonnier√âtalonneur  Xavier CordonnierIng√©nieur Son  Mathieu BarbierProduction  Le Monde √† LEnversGraphisme et motion  Antoine BehaeghelMontage  Nicolas Jean  Valentin JeanMiniature  Adem YildirimMusiques  Epidemic So,https://www.youtube.com/watch?v=-IPBu2Qsfxs,C1
Je devine son sport en analysant son CORPS !,Je devine le sport de Florian Grengbo en analysant son corps Connaistu mes vid√©os danalyse posturale  Nouvelle vid√©o de la s√©rie mettant en sc√®ne des athl√®tes de haut niveau Je d√©couvre quels sports ils pratiquentDans cette vid√©o je te mets au d√©fi de deviner le sport pratiqu√© par Florian Tu vas constater que son corps sest adapt√© √† sa discipline sportiveViens jouer avec moi0000 Intro0429 Pr√©sentation de Florian Grengbo SPOILER0723 Analyse de Florian2400 Le sport¬†de¬†FlorianRetrouve Florian Grengbo sur Insta,https://www.youtube.com/watch?v=402DMNtVsyg,C1
ü•£ La sauce Moutarde, Quantit√©s de la recette    Livre Cuisinez bien accompagn√© version 2023   Tout le mat√©riel que jutilise pour cette recette   Abonnezvous pour ne rien louper  Si vous rencontrez des difficult√©s dites le moi en commentaireJe vous aiderais et cela aidera les autres personnes qui rencontreront les m√™mes difficult√©s Retrouvezmoi aussi sur Mon site                            Remerciements Chef  producteur  Philippe Etchebest   Charles Toulza  Montage Motion Design  Hugo Delmotte  de production  Rachel CannAssista,https://www.youtube.com/watch?v=ufzVr_h5Ios,B2
[‚≠êEXCLU] Assassin's Creed Shadows : J'ai vu du GAMEPLAY ! üí• J'ai PLEIN D'INFOS et IMAGES EXCLUSIVES,EXCLUSIF  Assassins Creed Shadows vient de se r√©v√©ler et le trailer est d√©sormais l√† Mais √ßa vous dit den savoir BIEN plus sur le jeu  Je suis parti chez Ubisoft Qu√©bec il y a quelques jours pour d√©couvrir en avantpremi√®re MONDIALE Assassins Creed Shadows et il y a BEAUCOUP √† en dire  Cest une occasion exceptionnelle pour nous de vous partager les informations que vous devez savoir sur ce projet Nous ne sommes que 3 personnes au MONDE √† avoir vu le trailer du gameplay et eu des informations documents de d√©v,https://www.youtube.com/watch?v=OftU0kHo-Qs,B1
"R√©sum√© : Nuggets @ Wolves, ca tourne √† l'HUMILIATION !",  PLUS DINFORMATIONS DANS LA DESCRIPTION Les Wolves et un Anthony Edwards √† 27pts CORRIGENT les Nuggets  45 POINTS   G√™n√© par la tr√®s bonne d√©fense de Minnesota Denver termine √† 30 au tir On aura droit √† un GAME 7 dimanche  Le Podcast NBA Extra    R√©sum√©s actions articles vid√©os    Retrouveznous sur les r√©seaux sociaux  Facebook   Twitter   Instagram  ,https://www.youtube.com/watch?v=9qbWyTyag30,C1
√Ä quel youtubeur appartient ce pet ? Notre plus belle id√©e.,Sachez que sil ne devait rester quune seule vid√©o sur notre cha√Æne on veut que ce soit cellel√† Oubliez la travers√©e M√©lim√©lo Will Smith et Pierre Niney Gardez juste les pets piti√© Sinon ce jeu est super dur mais Mcfly a surperform√© et sest trouv√© un nouveau donMERCI √† nos amiesGa√´lle  Biaggi   Ventre       ElyonMaquillage  Andr√©a AmouyalMontage  MadrozMiniature  Oncle SidProductrice ex√©cutive  Clara Lesage Directrice de production  Blanche MartinAssistante de production s√©nior  L√©na WeissAssistant de produc,https://www.youtube.com/watch?v=ujMR9eBXkKY,C1
KROOS a tout compris au football,Profitez de 15 sur le site de Make It Shine avec le code ALIOTOP15 ou dun article achet√©un offert via ce lien   √Ä 34 ans Toni Kroos est toujours intouchable √† Madrid Ma√Ætre √† jouer chef dorchestre maestro Hommage √† un joueur qui a tout compris au football Pour nous soutenir         Contact pro  aliotopprogmailcomSi vous aimez le cin√©ma   histoire Toni kroos prime retraite allemagne france euro 2024 real madrid bayern modric vinicius bellingham ancelotti histoire buts passes crampons adidas anecdotes ballon ,https://www.youtube.com/watch?v=zPyPKwL5sGo,C1
Napol√©on et la Franc-ma√ßonnerie,Merci beaucoup aux √âditions JC Latt√®s davoir sponsoris√© cet √©pisode  Pour en savoir plus sur La clef et la croix de Giacometti et Ravenne cest par ici que √ßa se passe   nest pas rare dentendre que la Francma√ßonnerie va de paire avec la R√©publique et pourtant il y a une grande part did√©es re√ßues l√†dedans  Id√©es re√ßues qui ne sont dailleurs pas neuves du tout puisquelles se sont forg√©es peu apr√®s la R√©volution fran√ßaise Pourtant on le sait maintenant cette id√©e est largement fausse et cette association nest d,https://www.youtube.com/watch?v=FnnHosMMVuo,C2
"TROUVE LA R√àGLE ! (ft Djilsi, Seb, Sofyan, Manas)",Une ou plusieurs personnes sortent de la pi√®ce pendant que les autres √©tablissent une r√®gle de jeu secr√®te le but  La trouver en maximum 3 tentatives Chaine Secondaire Lil Joyca   LIVETWITCH   INSTAGRAM  Joyca X   TIK TOK  joycaledelireMontage  LarsenMerci √† Alexis Tomassian davoir pr√™t√© sa voix pour lintroduction du concept Pour toutes demandes professionnelles ou commerciales  contactjoycagmailcom,https://www.youtube.com/watch?v=H5x0I0jT7so,C2
Les images de l'attaque d‚Äôun fourgon p√©nitentiaire dans l‚ÄôEure,Ce mardi vers 11 heures un convoi de deux fourgons de ladministration p√©nitentiaire a √©t√© attaqu√© par des individus arm√©s au niveau du p√©age dIncarville sur lautoroute A13 dans lEure Deux agents de ladministration p√©nitentiaire ont √©t√© tu√©s par les malfaiteurs arm√©s de fusils √† pompe Trois autres agents ont √©t√© bless√©s Le fourgon vis√© transportait un d√©tenu entre Rouen et Evreux Impliqu√© dans des affaires de stup√©fiants celuici sest √©vad√©Eure attaque fourgon d√©tenu prison fuite commandoSuivez l√©volution de ,https://www.youtube.com/watch?v=9ZSIRjdog3k,C1
MA ZLAN 2024,Condens√© de mon exp√©rience √† la Zlan de cette ann√©e Les rediffs compl√®tes sont en train d√™tre post√©es sur le chaine secondairePour ne rater aucun de mes lives   sur mes r√©seaux   Twitter   Discord   Instagram   Ma boutique   Chaine secondaire        Casserole  The Original OrchestraOutro  Siberian Summer  Sunny Fruit,https://www.youtube.com/watch?v=8Vdn3h3-fRg,C1
Couper son d√©codeur tv et sa box wifi la nuit ? - On n'est pas des Pigeons,Cest un t√©l√©spectateur dONPP qui se pose la question  Afin de nous permettre de faire des √©conomies on conseille souvent de d√©brancher le d√©codeur ET le modem Or chez Proximus on nous demande de laisser d√©codeur et modem branch√©s surtout la nuit p√©riode au cours de laquelle ils nous envoient des mises √† jour En ce qui me concerne je ne d√©branche rien mais jaimerais le faire Merci de me donner votre avis Voici notre r√©ponseEcoconso conseille n√©anmoins de regrouper d√©codeur box wifi t√©l√©vision lecteur de DVD ,https://www.youtube.com/watch?v=G5P7_hx8pSo,B2
"Qui est Mohamed Amra, le d√©tenu en fuite apr√®s le braquage d‚Äôun fourgon p√©nitentiaire dans l'Eure ?",11 heures ce matin autoroute A154 p√©age dIncarville  un fourgon p√©nitentiaire se rend du tribunal judiciaire de Rouen o√π le fugitif Mohamed Amra devait √™tre entendu par un juge dinstruction √† la prison d√âvreux Le fourgon a √† peine pass√© le p√©age quand un commando dhommes en noirs dont on ignore le nombre pr√©cis prend dassaut les deux v√©hicules de la p√©nitentiaire Les assassins ont utilis√© deux v√©hicules Deux agents p√©nitentiaires ont √©t√© tu√©s √† larme de guerre deux autres sont entre la vie et la mort et le ,https://www.youtube.com/watch?v=twPFCUGLHZw,C1
Myl√®ne Farmer - Nevermore Le Film (Teaser #2),MyleneFarmer NevermoreLeFilmTeaser 2 07112024 Exclusivement au cin√©ma R√©alisation  Fran√ßois Hanss,https://www.youtube.com/watch?v=5RUzCszIoW4,C2
Meryl Streep re√ßoit la Palme d'or d'honneur - Festival de Cannes 2024,Retrouvez la c√©r√©monie douverture du 77 festival de Cannes sur francetv   Binoche tr√®s √©mue a remis √† Meryl Streep une Palme dor dhonneur √† la c√©r√©monie douverture du Festival de Cannes 20240000 Entr√©e de Meryl Streep et standing ovation0229 Discours de Juliette Binoche0930 Discours de Meryl Streep1517 Meryl Streep re√ßoit sa Palme dor dhonneurRetrouveznous aussi sur   Francetv    Facebook    Instagram    Twitter    Tiktok   festivaldecannes merylstreep,https://www.youtube.com/watch?v=lHRWCEW3UU0,B2
Camille Cottin ouvre avec brio le Festival de Cannes 2024 ! üé¨,Retrouvez la c√©r√©monie douverture du 77 festival de Cannes sur francetv   son discours douverture Camille Cottin rend hommage au vortex cannois accompagn√©e en musique par WoraklsRetrouveznous aussi sur   Francetv    Facebook    Instagram    Twitter    Tiktok   festivaldecannes camillecottin,https://www.youtube.com/watch?v=lGFfp9HxK00,C1
REBEL MOON - Grotesque Opera ? - Nexus VI,Cliquez sur  et vous b√©n√©ficierez de 4 mois gratuit sur un engagement de 2 ans Abonnetoi Citoyen   sur Tipeee   sur vous Citoyennes et Citoyens  Aujourdhui le diptyque de Zack Snyder  Rebel Moon  Javais pris la d√©cision de ne pas parler du premier film en 2023Qui sait  Peut√™tre fallaitil voir les deux films pour pouvoir profiter de la vision de ce r√©alisateur tant adul√© que d√©test√© Voyons ensemble ce quil en est Jesp√®re que cette vid√©o vous plaira Citoyennes et Citoyens  Si cest le cas nh√©sitez pas √† la par,https://www.youtube.com/watch?v=zPYeqeUcfqI,C1
Un hacker montre exactement comment il pirate,Pour devenir un crack en cybers√©curit√© ou nimporte quel autre domaine li√© √† linformatique inscristoi √† l√©cole DSTI   Quand on parle de hacking dans un film on voit un gars taper 50 commandes par seconde sur 6 terminals diff√©rents √âvidemment on est bien loin de la r√©alit√© Mais alors √ßa ressemble √† quoi un VRAI hacker  R√©ponse dans cette vid√©o Le site que jai utilis√© pour le CTF   ME SOUTENIR sur PATREON ou TIPEEE   ou  ME REJOINDRE SUR TWITCH   LE DISCORD   MON SET UP   par les premiers challenges et avance ,https://www.youtube.com/watch?v=w_U5Itwiztg,C2
üéô Le discours d'ADIEU de Kylian Mbapp√© aux Troph√©es UNFP !,Kylian Mbapp√© a √©t√© nomm√© meilleur joueur de Ligue 1 Uber Eats pour la 5e fois cons√©cutive par ses paires Loccasion pour lattaquant parisien de faire ses aurevoir au championnat de France tout en nous parlant de son amour pour le sport le PSG ou encore les Jeux Olympiques Abonnezvous √† la cha√Æne pour nous suivre sur tous nos r√©seaux Instagram      ,https://www.youtube.com/watch?v=j8y0C5QbkBs,B1
LA BATAILLE DES RESTAURANTS ! (on a explos√© le budget üò≠),Bataille de restaurants  MA MARQUE DE BURGERS STARSMASH  Deliveroo   Eats   commerciale D√©couvrez ma marque de smash burgers Starsmash et commandez d√®s maintenant sur Deliveroo   Eats   grand merci aux chefs Ma√Ølys L√©na√Øc et Simon Barrault pour la gestion des cuisines Un autre grand merci √† nos chanteurs Gabriel Fr√©ret Johnny et Adrien Poupart CountryEt merci √©galement √† tous les figurantsclients pour leur participation Labus dalcool est dangereux pour la sant√© √† consommer avec mod√©ration √âvitez de manger t,https://www.youtube.com/watch?v=IVtbOXQ8urA,B2
J'ai espionneÃÅ un vrai deÃÅtective priveÃÅ pendant 1 mois,Merci beaucoup √† Holzkern de nous avoir suivis sur cette vid√©o    code LUCAS offre 10 sur tout le site et reverse 5 √† lInstitut Jane Goodall ABONNETOI en cliquant ICI   Ma cha√Æne YouTube de VLOGS Lucas Studio Off   Ma cha√Æne TWITCH   Mon INSTAGRAM  lucasstudioyt Mon TIKTOK  lucasstudio Mon TWITTER   Mon ADRESSE MAIL  lucasstudioytgmailcom  Cette vid√©o est sponsoris√©e collaboration commerciale avec Holzkern La premi√®re vid√©o de ce sujet  Un detective prive ma espionne pendant 1 semaine  je decouvre tout   Un,https://www.youtube.com/watch?v=PPKZeu6X0Uc,C2
Dire aurevoir √† mes cheveux & devenir chauve | √âP.5 MON COMBAT CONTRE LE CANCER,Aujourdhui jai film√© la perte progressive de mes cheveux G A G N E Z D E L A R G E N TI C I  IGRAAL GAGNEZ 10 de CASHBACK TOUT DE SUITE au lieu de 3 ainsi que de largent sur vos achats en ligne en vous inscrivant ici  MA BOUTIQUE AMAZON   R E J O I N S M O II C I  √† tous les gens qui contribuent √† rendre cet espace public agr√©able pour tout le mondelaurette cancer chimio CETTE VID√âO NEST PAS SPONSORIS√âE,https://www.youtube.com/watch?v=_Q7BaQ8YOds,B2
iPhone 16 : les futures nouveaut√©s !,Les derni√®res rumeurs sur liPhone 16 et 16 Pro   Abonnetoi     T√©l√©charger et tester gratuitement Setapp Mobile        Collaboration commerciale avec Setapp ME SUIVRE  INSTAGRAM    TWITTER    FACEBOOK   Miniature  r√©daction  J√©r√©my COLSONMontage  Redah Salhi,https://www.youtube.com/watch?v=WvNvphtQAtM,B2
Des scientifiques affirment : ¬´ Voyager 1 a d√©couvert 775 objets inconnus voyageant dans l'espace !,Le c√©l√®bre astrophysicien am√©ricain Neil deGrasse Tyson a pr√©venu dans une interview que nous trouverons dans lespace des choses qui mettront notre esprit √† rude √©preuve  Voyager 1 a d√©couvert 775 objets inconnus volant dans lespace et ils sont √©tonnants La sonde voyage depuis 45 ans maintenant et les chercheurs sont toujours surpris par ce que Voyager 1 d√©couvre chaque jour,https://www.youtube.com/watch?v=O55TI-7AwTw,B2
TAISEZ-VOUS  | BEST OF DE LA SEMAINE #2,Retrouvez Antoine en live sur Twitch   sur Youtube Antoine Daniel  Les VOD     Mezzanine   par Naiosama    On continue sur ce format et on esp√®re que la vid√©o vous plaira  Vous pourrez retrouver un best of comme celuici toutes les semaines ou presque ,https://www.youtube.com/watch?v=A3CRcEUq2ks,C1
Guillaume Meurice compte ses soutiens,Abonnezvous √† notre cha√Æne   lactualit√© en Bretagne  notre communaut√© Facebook sur Twitter   sur Instagram  Profil  france3bretagne,https://www.youtube.com/watch?v=zIdAfT5YU_8,B2
Le r√©sum√© de Tottenham / Manchester City - Premier League 2023-24 (J34), Tous les r√©sum√©s de Premier League sur myCANAL   Abonnezvous pour suivre toute lactu sport de CANAL  Nos r√©seaux foot  Facebook   Twitter   Instagram    TikTok   Twitch   PremierLeague,https://www.youtube.com/watch?v=HMNweZtN-M0,B2
"BSA, Triumph, Royal Enfield, laquelle choisir ?",Triumph Speed 400 vs BSA Gold Star 650 vs RoyalEnfield 650 Interceptor et en bonus la RoyalEnfield 350 Bullet lembarras du choix  Et si vous deviez choisir laquelle ach√®teriezvous   motomag moto EssaisMoto TestMotoUnAperoAvecMotoMagazine MotoMagazine  OffMotomag EssaiMoto moto Retrouvez toutes nos vid√©os sur notre site Internet  √† pas commenter partager liker et vous abonner √† notre chaine Soutenir notre ind√©pendance cest   acheter Moto Magazine en kiosque ou sabonner  visiter notre site web  partager nos v,https://www.youtube.com/watch?v=rjewhZ9kJA8,C1
Les acc√©l√©rateurs de particules - Quickie 27 - e-penser,D√©couvrez mon partenaire HOLY et rejoignez la Holy Squad sur   des Iced teas sains des boissons √©nergisantes sans sucre sans taurine et aux ar√¥mes naturelsCode Epenser5 pour b√©n√©ficier de 5  de r√©duction sur votre commandeADDENDUM  avec le code Epenser b√©n√©ficiez de 10 de remise sur votre commandeVid√©o 04 des vid√©os promises de la campagne de crowdfundingAchetez mon livre Yzzy a disparu  amazon  fnac  cultura  placedeslibraires  de la cha√Æne  mon discord   liens de la vid√©o      lh√©lice de la vie Axel Kahn ,https://www.youtube.com/watch?v=a9qEpmGf0_8,C2
Eva Green se pr√©pare pour la C√©r√©monie d‚Äôouverture du Festival de Cannes 2024 | Vogue France,Elle est la plus anglaise des actrices fran√ßaises Membre du Jury pr√©sid√© par Greta Gerwig Eva Green nous accueille dans sa chambre dh√¥tel pendant sa pr√©paration pour la c√©r√©monie douverture du Festival de Cannes 2024 Loccasion pour elle d√©voquer avec nous son tout nouveau r√¥le au sein du Festival de Cannes mais aussi son look beaut√© aux inspirations 60s dont le clin dil l√©ger √† Barbie √©blouitR√©alisateur  Simon MalidinJournaliste  Lolita MangProducteur Ex√©cutif  Xavier Lot√©guyProducteur  Amaury Delcambr,https://www.youtube.com/watch?v=V181yd33Ipc,C1
TOMBE PAS A L‚ÄôEAU CHALLENGE #3 (ft @DaEtienne & Cl√©ment Gravier),Le saut du poteau c√©tait vraiment pas une bonne id√©eAbonnetoi pour un √©pisode 4  Cascades encadr√©es par des professionnels √† ne pas reproduire  Dis nous en commentaire quel Youtubeur tu voudrais voir sur un Tombe pas √† leau challenge Encore bravo aux goat de la vid√©o  Etienne  DaEtienne Cl√©ment Gravier   sur INSTAGRAM pour plus de dingueries  M√©lanie   Charles   Notre boutique de v√™tement   Nos programmes sportifs    PolochonHabillage Musical  NobuoPour nous contacter pro seulement  charlesetmelanieprogmail,https://www.youtube.com/watch?v=nA98lpMZ2qc,C2
"Poutine acc√©l√®re, Macron r√©agit, l‚ÄôUkraine s‚Äôinqui√®te",Notre site pour trouver un stage alternance ou CDI   Elan Instagram   Elan TikTok   Les Actus Pop  HugoD√©crypteSpotify   Deezer   Les actus du jour r√©sum√©es et expliqu√©es   Le lien dabonnement √† notre newsletter par mail    Pour d√©couvrir mes longs formats sur YouTube    Les Actus du jour en podcast     Les Actus du Jour aussi sur   Instagram en 2 min    TikTok en 1 min    Twitter    Sur Instagram retrouve aussi les actus   Pop  culturelles    Sportives    SOMMAIRE0000 Qui finance le plus les √©nergies fossi,https://www.youtube.com/watch?v=q8LEKupggTg,C1
Le PROBL√àME DONT PERSONNE NE PARLE avec l'IA MUSICALE - SUNO,Merci √† CyberghostVPN pour le partenariat sur cette vid√©o si vous voulez tester pour voir ce que √ßa donne voici mon lien    Pour en apprendre plus sur mes m√©thodes    Le lien de mon Patreon pour avoir de nouvelles le√ßons toutes les semaines   Ma marque de guitare   deux articles utilis√©s  La chaine secondaire   Pour mentendre jouer   Pour me voir jouer   La liste dune grande partie de mon matos chez Thomann   Mon matos vid√©o Cameraappareil photo   50mm   35mm   audio     MIDI   ce qui touche aux micros que ,https://www.youtube.com/watch?v=giLTazSlPxA,B2
QUI A LA G√âN√âRATION LA + DINGUE ? (anecdotes de fou),La rencontre incroyable entre les deux doyennes dinternet Danielle et Fernande  Presque 170 ans √† elles deux  des anecdotes incroyables √† raconter Elles ont v√©cu tellement de choses Bienvenue dans la bataille des g√©n√©rations Vous pouvez suivre Mel et Fernande sur leur chaine  melouwlm Les insta de tout le monde   LeStudioDanielle MeletFernande ArthurLombard,https://www.youtube.com/watch?v=85xbFkYH-DM,C1
ON R√âAGIT AUX PIRES ID√âES DE DESIGNS #4,Un react reddit qui ferait passer vos id√©es de designs pour des chefsduvreNos cartes √† collectionner Wankul   live      site  par Zakodak,https://www.youtube.com/watch?v=AFilriXbnTU,C2
"42,195 km pour entrer dans la l√©gende.",Merci √† Holzkern de sponsoriser la vid√©o Vous pouvez utiliser mon code FATCHE pour profiter de 10 de r√©duction   je vous embarque dans une course pour repousser les limites de lhomme Une course pour √©tendre notre champ du possibleUne sorte de plongeon dans lobscurit√© L√† o√π les risques ne sont plus mesurables L√† o√π les r√©percussions sont encore inconnuesCette course beaucoup lont donc d√©finie comme impossibleMais comme souvent dans notre histoire Un beau jour limpossible se produitMerci √† Luis Orta qui ma la,https://www.youtube.com/watch?v=5tZob2kv5uI,C2
JOY BOY : L'HISTOIRE COMPL√àTE DU PIRATE ORIGINEL EXPLIQU√âE ! ONE PIECE 1114,Bienvenue √† tous et √† toutes et pr√©parezvous car aujourdhui il est lheure de parler du PREMIER PIRATE des mers  Joy Boy Cest la plus grosse review de la cha√Æne lune des plus grosses vid√©os en g√©n√©ral m√™me jy ai insuffl√© jusqu√† la derni√®re once d√©nergie alors jesp√®re que vous passerez un bon moment Oubliez pas de laisser un jaime et de vous abonner si cest le cas √ßa maide vraiment beaucoup et cest gratuit Posez vos questions r√©ponse √† mon commentaire √©pingl√© pour √™tre s√©lectionn√© dans la prochaine review Dem,https://www.youtube.com/watch?v=GkbZSb7HLGo,B1
7 mois pour devenir boxeur (DTR partie 1),DTR 712 √† la D√©fense Arenamon fr√®re Mastu avec qui on va se foutre sur la gueule avec tellement damour mdrr h√¢te de vous montrer les vid√©os de cette aventure sur lann√©e jesp√®re que vous allez adorer on a bcp de boulot et on va la vivre ensemble merci Billy quel honneur den faire partie rejoinsmoi  instagram   twitch   twitter   tiktok  djilsiMon r√©alisateur  monteur de grande qualit√© Manas   graphiste excellent sur les miniatures  ,https://www.youtube.com/watch?v=Fjlgeyfwct8,C1
Au revoir Bug üíñ,Viens tabonner √† ma chaine YouTube Nh√©site pas √† me suivre sur les r√©seaux Insta   Twitter   Discord    pidimegytgmailcom,https://www.youtube.com/watch?v=dxUbJ4FDbng,C1
"QUE SONT-ILS DEVENUS ? üåé(Akon, Pitbull, Kat Deluna...)",Akon Pitbull tATu Kat Deluna ou encore Desiigner nous pouvons nous demander ce quils deviennent nous avons le droit Voici la suite de la s√©rie de vid√©os QUE SONTILS DEVENUS  Pour profiter de loffre Rhinoshield   de r√©duction avec le code SEBMerci √† ceux qui sabonne ou qui like la vid√©o √ßa fait plaisir  ou les 2 abonne toi   ceux qui veulent retrouver les morceaux de la vid√©o voici la playlist Spotify de cette vid√©o   autres vid√©os du genre   MES RESEAUX   √† bient√¥t Si tu lis les descriptions commente un art,https://www.youtube.com/watch?v=IQIPB1QstJo,B2
Pourquoi le secteur du b√¢timent s'effondre ?,Abonnezvous √† notre cha√Æne   lactualit√© en Bretagne  notre communaut√© Facebook sur Twitter   sur Instagram  Profil  france3bretagne,https://www.youtube.com/watch?v=32X5mdAxI_I,B2
BATTLE D‚ÄôOUVERTURE DE COLIS PERDUS AVEC BATZAIR ! (On imaginait pas trouver autant de dingueries üò≠), Abonnetoi en cliquant ici    Merci  D  Ma marque de v√™tement   Batzair pour la participation  Mon Instagram   Ma cha√Æne secondaire   Ma Cha√Æne Twitch   Ma cha√Æne rediff de live   Mon Twitter   Mon Tiktok   on ouvre 3000 euros de colis perdus en Battle chacun ses colis celui qui a la plus grosse somme a la fin de la vid√©o gagne mais on imaginait pas tomber sur autant de dinguerie les gens sont fous Cette vid√©o est adapt√©e a tout les annonceurs et est de type divertissement Mail pro  soramailprogmailcomCharg,https://www.youtube.com/watch?v=2PG-Hi8q1e0,B2
Je mets des roues de tracteur sur ma F1 !,A votre avis plus efficace dans un champs que sur un circuitR√©ponse dans la vid√©o Usitech   Stickers teeshirt pull boiserie    avoir des exclus cest ici  INSTA  thierryvigneauboiserie 13M SNAP  luluvng 1m FACEBOOK  thierryvigneauboiserie 1M TIKTOK  thierryvigneauboiserie 800k Mail pro  contactlaboiseriegmailcom,https://www.youtube.com/watch?v=XQmNZLFU92U,C1
Les disparus du mont Asahi : un SOS myst√©rieux,Profitez de 83  de r√©duction sur Cyberghost VPN soit 203  par mois  4 mois offerts   disparus du mont Asahi  un SOS myst√©rieuxEn juillet 1989 deux randonneurs ont disparu sur le mont Asahi dans le parc national de Daisetsuzan au Japon Cela a √©t√© le d√©but dun myst√®re qui dure depuis 35 ansSOUTENEZ LA CHA√éNE  EN VOUS ABONNANT √Ä LA CHA√éNE    EN PARTAGEANT LES VID√âOS EN ACHETANT LES LIVRES    SUR TIPEEE    SUR PAPAL   Intro0111 Sponsor0242 Randonneurs disparus0547 SOS myst√©rieux1207 Enregistrement audio1541 Zon,https://www.youtube.com/watch?v=hMxZUflm2HA,C1
"R√©sum√© : YAMAL ICONIQUE, le BAR√áA s'offre la Real Sociedad et redevient DAUPHIN du Real !", R√âSUM√â VID√âO  LALIGA  Le Bar√ßa soffre la Real Sociedad et redevient dauphin du Real  ICONIQUE Lamine Yamal a ouvert le score dune finition clinique  Raphinha a doubl√© la mise sur p√©nalty pour les Blaugrana  R√©sum√©s buts articles vid√©os    Retrouveznous sur les r√©seaux sociaux  Nos podcasts   Facebook   X   Instagram   TikTok  ,https://www.youtube.com/watch?v=HVAiwL6lQeE,C1
J'ai Enfin FINI mon Penthouse de Luxe ( perch√© dans les arbres ),Tout dabord un Grand merci √† maisons du monde de nous avoir laiss√© carte blanche  sur cette derni√®re vid√©o Leur d√©co est absolument parfaite dans mon penthouse  et je ne men lasse pas  Dailleurs pour f√™ter √ßa  nous organisons on concours pour venir voir de tes propre yeux le r√©sultat au dessus de toute mes attentes Dans cette vid√©o  Je vous emm√®nes dans les coulisses de la construction de mon Penthouse dans les arbres  Comme vous avez pu voir tout au long de cette aventure √ßa na pas toujours √©t√© simple Mais,https://www.youtube.com/watch?v=I5M2YwlAWiE,B1
ON JUGE LE MACDO √Ä TAIWAN (on a eu peur),14 jours dessai gratuit √† MyHeritage et ainsi profiter de toutes les fonctionnalit√©s incroyables quils proposent en cliquand ici    pour ceux qui veulent aller plus loins que 14 jours et continuer labonnement vous b√©n√©ficierez dune r√©duction de 50Mail pro tevlouisprogmailcomCha√Æne principale de Louis  principale de Tev  de Louis  de Tev  de Louis  de Tev ,https://www.youtube.com/watch?v=L19buabpKws,B2
Episode 263 : Nuggets challenge ft ma m√®re (on fr√¥le le malai**),Jesp√®re que cet √©pisode vous aura plu28 ans dangoisse   ans damours chaotiques   sont disponibles partout ailleurs Fnac Leclerc Cultura etcJai regroup√© sur ce lien tous les objets que jutilise au quotidien ou pour mes vid√©os YouTube   me suivre sur mes r√©seaux sociaux Insta  NoholitoTiktok Facebook Twitter  Noholito Snap  jamesou33Pour les vid√©os vlog voyage Iphone 15 pro max   Mini 3 Pro   HERO12   les vid√©os chez moi  Cam√©ra Sony Alpha 7 IV   Sony ICDTX660     pour la lumi√®re  ,https://www.youtube.com/watch?v=EojTuzax0_Q,C1
Chute dans un trou noir r√©aliste | VR 360¬∞,Une simulation bas√©e sur des calculs de relativit√© g√©n√©rale Le trou noir est mod√©lis√© par la m√©trique de Schwarzschild Le disque daccr√©tion est mod√©lis√© par un disque volum√©trique suivant un champ de vitesse de Kepler La trajectoire suivie par la cam√©ra est calcul√©e pour un moment cin√©tique rasant la sph√®re de photons et la direction de la cam√©ra est transport√©e parall√®lementMon premier livre est disponible Lien de commande   vous voulez voir dautres vid√©os nh√©sitez pas √† vous abonner √† la cha√Æne YouTube   ,https://www.youtube.com/watch?v=MLPGyCacCmo,C2
Naza (ft. Ninho) - Quill√© (Clip Officiel),Naza ft Ninho  Quill√© Clip OfficielNouveau single disponible le 10 mai   les clips de Naza   Tous les freestyles de Naza   par  ArtduclipNaza Facebook        NazakebaTiktok   Ninho Capricarolesque,https://www.youtube.com/watch?v=FlmtZVgEn6M,C2
J'ai Achet√© 20 Objets Interdits √Ä La Vente ! (ILL√âGAL OU PAS ?),Jai Achet√© 20 Objets Interdits √Ä La Vente  ILL√âGAL OU PAS  Pour voir ma derni√®re vid√©o clique ICI   deviens un Vrai   √† Thomas pour son aide  SUISMOI ICI  Instagram   Twitter   TikTok  ,https://www.youtube.com/watch?v=7mquJtsZkDs,C1
NE LES ENCOURAGE PAS ANTOINE ! - Best of ZeratoR #393,ABONNE TOI par piti√©   en live sur   les informations sont sur  NOUVELLE boutique   un vrai streamer comme moi avec Elgato   5 de r√©duction avec ce lienSuivezmoi sur les r√©seaux Facebook           toute lactualit√© et lesport sur MandatoryGG   MandatoryGG sur les r√©seaux pour ne rien manquer        Intro0016 MoMaN en marathon 24h0028 Soir√©e du lundi  League of Legends0654 Hades II1153 ZLAN 2024,https://www.youtube.com/watch?v=F2w8TG_jC7I,C1
"On part s'entra√Æner dans le sud ! Ft. Djilsi, Mastu, Lebouseuh, Prime et tous les autres #DTR",DTR RDV le 7 D√©cembre 2024 √† Paris La¬†D√©fense¬†ArenaLa famille  On y est enfin  Je vous ai pr√©sent√© le projet sur lequel je travaille depuis plus dun an DTR Pour le coup je vais sortir plusieurs vid√©os par rapport √† cet event sous forme de vlogs  En tous cas  jespere que vous allez aimer et que vous serez pr√©sent le jour J pour la billetterie ainsi que lannonce de mon adversaire on se retrouve le 6 Juin R√©seaux DTR Tiktok       r√©seaux Insta       cha√Æne principale  cha√Æne best of  cha√Æne de rediff twitch ,https://www.youtube.com/watch?v=N_SuruBlkdI,B2
39¬∞ de fi√®vre,on revient de NYC et devinez qui est malade  SUIVEZ MOI  instagram  lenamahfouf  46M      lenasituations    lenasituations  cest tout nouveau  Mon look dans la vid√©o Skims MA MARQUE HOTEL MAHFOUF  hotelmahfouf sur instagram MON PODCAST Canap√© 6 Places disponible gratuitement sur SpotifyMON PREMIER LIVRE  Toujours Plus ma m√©thode    F A Q  pourquoi une chaine secondaire  parce que jen avais envie   on va se voir en Aout  only God knows   tu travailles sur quoi en ce moment quelque chose de mieux  comment te ,https://www.youtube.com/watch?v=aGRW3uuCM10,C1
ON AFFRONTE UN COMBATTANT D‚ÄôUFC ! (Il blesse Adem √† l‚Äô≈ìil mdrrr),Merci davoir regard√© la vid√©o  Si tu as aim√© fait le nous savoir en mettant un pouce bleu Abonne toi √† notre chaine secondaire       Instagram    adembilaloff Twitter   adembilaloff Discord     Snapchat  dedem27  bilalgdy Instagram  ademgdyoff  bilalgdyoff Business  AetBrachimediacom,https://www.youtube.com/watch?v=8Q1P7Pl9pIY,C2
Tiitof - Mauvais r√™ve (Clip officiel),Mauvais r√™ve est disponible sur toutes les plateformes de streaming  BookingManagement  tiitofspartagmailcomR√©alisation  NevawayDistribution  Jaiye Music GroupTiitof MauvaisReve new newsong,https://www.youtube.com/watch?v=sARGu-1u8jQ,C1
"Leto - EnleÃÄve tes pes-sa feat JKSN, Kaaris & La Mano 1.9 (Clip officiel)",D√©couvrez le nouveau titre  Enl√®ve tes pessa  avec JKSN Kaaris et La Mano 19 disponible ici   R√©alisation  Ch√©rif NO COLOR FILMSProduit par Fanatik ProductionRetrouvez Leto sur ,https://www.youtube.com/watch?v=OpaV5V3J0oc,C1
Qui pr√©sentera le mieux la m√©t√©o ? (avec la l√©gendaire Evelyne Dh√©liat),C√©tait un grand myst√®re quon r√™vait d√©lucider depuis longtemps et aujourdhui cest chose faite Non seulement la l√©gende de la m√©t√©o nous a montr√© quil fallait √™tre bon en squats pour bien indiquer les maximales dans le sud mais en plus on a pu essayer de faire un vrai bulletin m√©t√©o comme √† la t√©l√© Alors vous √™tes chaud quon fasse prochainement une apparition sur la cha√Æne de TF1 JUSTE pour vous indiquer la temp√©rature √† Strasbourg Directeur technique  Jeffrey StockmanChef OPV  Augustin BayleOPS  Martin Bona,https://www.youtube.com/watch?v=OtVHviQkqlM,B2
L'histoire de la femme la plus D√âTEST√âE d‚Äôinternet: L'√©nigme Kelly Ronahan, Pour √©couter mon podcast Audible vous offre 2 mois gratuits en cliquant sur ce lien  lhistoire captivante de Kelly Ronahan une danseuse de ballet confront√©e √† une maladie myst√©rieuse Ses r√©cits poignants ont suscit√© lint√©r√™t mondial mais des doutes ont √©merg√© quant √† la v√©racit√© de ses affections Malgr√© des traitements intensifs et des interventions m√©dicales ses sympt√¥mes persistaient alimentant les sp√©culations sur une possible fabrication de ses probl√®mes de sant√© Des accusations de syndrome de M√ºnchhau,https://www.youtube.com/watch?v=3fjvIRyYe08,C1
ü§© Le TIFO HOMMAGE du Parc des Princes √† KYLIAN MBAPP√â !,Abonnezvous √† la cha√Æne pour nous suivre sur tous nos r√©seaux Instagram      ,https://www.youtube.com/watch?v=JVgMkohAhOk,A2
J‚Äôai achet√© les meilleurs sabres lasers ! (pardon Leia),Merci √† Honkai Star Rail davoir sponsoris√© cette vid√©oT√©l√©chargez le jeu gratuitement ici   fais gagner ma r√©plique du sabre laser dAnakin sur mon Insta Profitez aussi de mon code MATH16 pour vous r√©galer sur la boutique officielle   REJOINSNOUS INSTA       Miniature by AYDRAWINGS Disclaimer Lucasfilm LTDTous les droits du films√©rie sont r√©serv√©s √† Lucasfilm LTDCette vid√©o sinscrit dans le cadre de lexception l√©gale de parodieAchetez le DVDBluraySVOD,https://www.youtube.com/watch?v=O0rw1PFmWaI,C1
JuL - Nouvel album Mise √† jour le 7 juin üîÑüõ∏,JuL  Nouvel album Mise √† jour le 7 juin Disponible en pr√©commande   au profil de JUL sur Deezer Spotify Apple Music ou Napster   Suivez JUL sur   YouTube   Facebook   Twitter   Instagram   Snapchat  Jul135city Tiktok   officiel   MiseAJour NouvelAlbum,https://www.youtube.com/watch?v=OpcPQyz9kEA,C1
J‚Äôai √©t√© d√©pass√© en abonn√©s‚Ä¶,T√©l√©chargez Op√©ra gratuitement  les peluches Didier  Ma BD Fuze et Didier  jouer avec moi sur Paladium  jouer avec moi sur Modded  de travailler avec moi   Gaming Jeux √† 70  Musique introoutro  Disco on Tutti  Incompletech sous licence Creative Commons Un cr√©dit manquant    Ma cha√Æne secondaire  Mon Instagram  Mon twitter   Ma cha√Æne Twitch   Mon TikTok  Mon Discord  Code cr√©ateur EpicGames FuzeLeVrai Mon subbredit pour les memes ,https://www.youtube.com/watch?v=2jFRiKEQHQI,C1
"Je Teste Les Marques De YouTuber (MrBeast, Valouzz, Mister V ....)",Mr Beast Valouz Mister V Zack Nani Andie ella  Je Teste Les marques des YouTubers  Mon avis sur Burgouzz Feastables Klub Kebab Milia Matcha et pleins dautres Pops est disponible maintenant chez Monoprix et Monop Je Teste 20 Food Hack TikTok √ßa va trop loin   Activez la cloche de notification pour √™tre au courant de mes vid√©os  Mes restaurants  Pepe Chicken     Twitter  fastgoodcuisine   Instagram fastgoodcuisine   Snapchat  Fastgoodcuisine Facebook  FastGoodCuisine   Sponsorship  contactfastgoodcuisinecom,https://www.youtube.com/watch?v=eitrIhLtnDU,C1
"JE VISITE DES MAISONS HORS DU COMMUN (√† l'envers, sous-terre et transparente)",Je pars VISITER les MAISONS les plus INSOLITES   maison insolite visite Le PC OMEN Transcend 14 ici   de remporter le PC ici   OMEN Le FORMULAIRE    autres r√©seaux  Instagram   Tiktok   Twitter   Snapchat  r7aleexBUSINESS INQUIRIES ONLY contactaleksytbfrCr√©ditsMontage  Maxence MicheauALEKS,https://www.youtube.com/watch?v=JycmdTyUdvM,C1
Le r√©sum√© de Real Madrid / Bayern Munich - Ligue des Champions 2023-24 (1/2 finale retour), Le meilleur de la UEFA Champions League en vid√©o Encore plus de foot sur myCANAL   Abonnezvous pour suivre toute lactu sport de CANAL  Nos r√©seaux foot  Facebook   Twitter   Instagram  ¬† TikTok   Twitch   UCL,https://www.youtube.com/watch?v=I0sVnSTBk2U,B2
TINDER a flingu√© notre cerveau (et personne n‚Äôen parle !), Profite de 10 de r√©duction chez Holzkern 5 revers√©s √† lInstitut Jane Goodall avec mon code AMISTORY     Audit de cha√Æne Youtube  Coaching r√©serv√© aux cr√©ateurs   Bumble Fruitz ¬†Les applis de rencontre sont absolument partout¬†On est envahis daffiches dans les rues de pubs √† la t√©l√© et m√™me de placements chez les YouTubeursEt avec 200 sites et applis de rencontre diff√©rentes dispo en France il yen a pour tous les go√ªts¬†Et le moins quon puisse dire cest que √ßa cartonneTinder lapplication number 1 r√©unit  de 8,https://www.youtube.com/watch?v=LIWcjcdzhDk,C1
Qu'est devenu le tout premier Influvoleur ?, Pour essayer AirUP   CAPTE MOI SUR MES R√âSEAUX  Instagram   Twitch   Twitter   Discord   TikTok   Facebook   SOURCE  PRODUCTION Miniaturiste        MUSIQUES Artlist Epidemic Sound CHAPITRAGE0000  Le ph√©nom√®ne Swaggman0316  Qui est Swaggman 0610  Prestige Mobile0930  Larnaque Swaggman1930  La v√©rit√© sur son identit√©2150  Le blanchiment dargent2440  Larrestation  aujourdhui DETAILS SUPPLEMENTAIRES  CHRONOLOGIEEnfin quelques dates clefs pour comprendre toutes les affaires de Swagg Man et leur situation √† ce j,https://www.youtube.com/watch?v=nxPpvbQqXuE,C2
Binguini Bakhaga - L'honorable Mariam Traor√© (Son Officiel),Abonnetoi √† Binguini Bakhaga Officiel sur YouTube   gratitude r√©side dans le cur et ne s√©panouit que dans un environnement fertile Nous souhaitons exprimer notre reconnaissance √† lHonorable Mariam Traor√© pour son geste remarquableMaintenant donnons de la force √† ce projet en le partageant au max Auteur  Binguini BakhagaCompositeur  Prinz BeatzProduction  Royaume Keit  Ate Gri GriDistribution  Keyzit DistributionBinguiniBakhaga AteGriGri RoyaumeKeit,https://www.youtube.com/watch?v=7jFp85HOPzs,C2
LUXE OU PAS LUXE ?! Avec SORA,Collaboration commerciale Merci √† typology davoir sponsoris√© cette vid√©o Lien vers la creme 9 ingredients   Lien vers le concentre bronzant   Lien vers le serum teinte   vers lhuile a levres   cliquant sur lun des liens cidessus un Lait nettoyant hydratant est offert des 45 dachat sur le site Typology ParisMerci √† Universdesora davoir particip√© √† cette vid√©o  Vous pouvez me retrouver sur  Ma cha√Æne secondaire   UneGentilleSorciere  Mon Instagram  ,https://www.youtube.com/watch?v=pMfZYFEQ5hY,B2
